[
    {
        "ikaslea": "alberdi.jon",
        "batazbestekoa": 7.85
    },
    {
        "ikaslea": "alonso.aimar",
        "batazbestekoa": 6.75
    },
    {
        "ikaslea": "arruabarrena.aritz",
        "batazbestekoa": 7.25
    },
    {
        "ikaslea": "caceres.alberto",
        "batazbestekoa": 7.25
    },
    {
        "ikaslea": "calo.gerson",
        "batazbestekoa": 7.75
    },
    {
        "ikaslea": "delatorre.aiert",
        "batazbestekoa": 8.25
    },
    {
        "ikaslea": "ferrero.asier",
        "batazbestekoa": 8.25
    },
    {
        "ikaslea": "galindo.julen",
        "batazbestekoa": 7.75
    },
    {
        "ikaslea": "garcia.gorka",
        "batazbestekoa": 7.75
    },
    {
        "ikaslea": "herrero.julen",
        "batazbestekoa": 7.25
    },
    {
        "ikaslea": "maiora.arkaitz",
        "batazbestekoa": 6.75
    },
    {
        "ikaslea": "martiartu.markel",
        "batazbestekoa": 6.875
    },
    {
        "ikaslea": "nistal.iker",
        "batazbestekoa": 7.4
    },
    {
        "ikaslea": "pelaez.julen",
        "batazbestekoa": 7.5
    },
    {
        "ikaslea": "telleria.jon",
        "batazbestekoa": 7.625
    },
    {
        "ikaslea": "zelaia.unai",
        "batazbestekoa": 8.475
    }
]